electricactuator;IfcActuatorTypeEnum;IfcActuator
handoperatedactuator;IfcActuatorTypeEnum;IfcActuator
hydraulicactuator;IfcActuatorTypeEnum;IfcActuator
pneumaticactuator;IfcActuatorTypeEnum;IfcActuator
thermostaticactuator;IfcActuatorTypeEnum;IfcActuator
electricactuator;IfcActuatorTypeEnum;IfcActuatorType
handoperatedactuator;IfcActuatorTypeEnum;IfcActuatorType
hydraulicactuator;IfcActuatorTypeEnum;IfcActuatorType
pneumaticactuator;IfcActuatorTypeEnum;IfcActuatorType
thermostaticactuator;IfcActuatorTypeEnum;IfcActuatorType
diffuser;IfcAirTerminalTypeEnum;IfcAirTerminal
grille;IfcAirTerminalTypeEnum;IfcAirTerminal
louvre;IfcAirTerminalTypeEnum;IfcAirTerminal
register;IfcAirTerminalTypeEnum;IfcAirTerminal
constantflow;IfcAirTerminalBoxTypeEnum;IfcAirTerminalBox
variableflowpressuredependant;IfcAirTerminalBoxTypeEnum;IfcAirTerminalBox
variableflowpressureindependant;IfcAirTerminalBoxTypeEnum;IfcAirTerminalBox
constantflow;IfcAirTerminalBoxTypeEnum;IfcAirTerminalBoxType
variableflowpressuredependant;IfcAirTerminalBoxTypeEnum;IfcAirTerminalBoxType
variableflowpressureindependant;IfcAirTerminalBoxTypeEnum;IfcAirTerminalBoxType
diffuser;IfcAirTerminalTypeEnum;IfcAirTerminalType
grille;IfcAirTerminalTypeEnum;IfcAirTerminalType
louvre;IfcAirTerminalTypeEnum;IfcAirTerminalType
register;IfcAirTerminalTypeEnum;IfcAirTerminalType
fixedplatecounterflowexchanger;IfcAirToAirHeatRecoveryTypeEnum;IfcAirToAirHeatRecovery
fixedplatecrossflowexchanger;IfcAirToAirHeatRecoveryTypeEnum;IfcAirToAirHeatRecovery
fixedplateparallelflowexchanger;IfcAirToAirHeatRecoveryTypeEnum;IfcAirToAirHeatRecovery
rotarywheel;IfcAirToAirHeatRecoveryTypeEnum;IfcAirToAirHeatRecovery
runaroundcoilloop;IfcAirToAirHeatRecoveryTypeEnum;IfcAirToAirHeatRecovery
heatpipe;IfcAirToAirHeatRecoveryTypeEnum;IfcAirToAirHeatRecovery
twintowerenthalpyrecoveryloops;IfcAirToAirHeatRecoveryTypeEnum;IfcAirToAirHeatRecovery
thermosiphonsealedtubeheatexchangers;IfcAirToAirHeatRecoveryTypeEnum;IfcAirToAirHeatRecovery
thermosiphoncoiltypeheatexchangers;IfcAirToAirHeatRecoveryTypeEnum;IfcAirToAirHeatRecovery
fixedplatecounterflowexchanger;IfcAirToAirHeatRecoveryTypeEnum;IfcAirToAirHeatRecoveryType
fixedplatecrossflowexchanger;IfcAirToAirHeatRecoveryTypeEnum;IfcAirToAirHeatRecoveryType
fixedplateparallelflowexchanger;IfcAirToAirHeatRecoveryTypeEnum;IfcAirToAirHeatRecoveryType
rotarywheel;IfcAirToAirHeatRecoveryTypeEnum;IfcAirToAirHeatRecoveryType
runaroundcoilloop;IfcAirToAirHeatRecoveryTypeEnum;IfcAirToAirHeatRecoveryType
heatpipe;IfcAirToAirHeatRecoveryTypeEnum;IfcAirToAirHeatRecoveryType
twintowerenthalpyrecoveryloops;IfcAirToAirHeatRecoveryTypeEnum;IfcAirToAirHeatRecoveryType
thermosiphonsealedtubeheatexchangers;IfcAirToAirHeatRecoveryTypeEnum;IfcAirToAirHeatRecoveryType
thermosiphoncoiltypeheatexchangers;IfcAirToAirHeatRecoveryTypeEnum;IfcAirToAirHeatRecoveryType
bell;IfcAlarmTypeEnum;IfcAlarm
breakglassbutton;IfcAlarmTypeEnum;IfcAlarm
light;IfcAlarmTypeEnum;IfcAlarm
manualpullbox;IfcAlarmTypeEnum;IfcAlarm
siren;IfcAlarmTypeEnum;IfcAlarm
whistle;IfcAlarmTypeEnum;IfcAlarm
bell;IfcAlarmTypeEnum;IfcAlarmType
breakglassbutton;IfcAlarmTypeEnum;IfcAlarmType
light;IfcAlarmTypeEnum;IfcAlarmType
manualpullbox;IfcAlarmTypeEnum;IfcAlarmType
siren;IfcAlarmTypeEnum;IfcAlarmType
whistle;IfcAlarmTypeEnum;IfcAlarmType
amplifier;IfcAudioVisualApplianceTypeEnum;IfcAudioVisualAppliance
camera;IfcAudioVisualApplianceTypeEnum;IfcAudioVisualAppliance
display;IfcAudioVisualApplianceTypeEnum;IfcAudioVisualAppliance
microphone;IfcAudioVisualApplianceTypeEnum;IfcAudioVisualAppliance
player;IfcAudioVisualApplianceTypeEnum;IfcAudioVisualAppliance
projector;IfcAudioVisualApplianceTypeEnum;IfcAudioVisualAppliance
receiver;IfcAudioVisualApplianceTypeEnum;IfcAudioVisualAppliance
speaker;IfcAudioVisualApplianceTypeEnum;IfcAudioVisualAppliance
switcher;IfcAudioVisualApplianceTypeEnum;IfcAudioVisualAppliance
telephone;IfcAudioVisualApplianceTypeEnum;IfcAudioVisualAppliance
tuner;IfcAudioVisualApplianceTypeEnum;IfcAudioVisualAppliance
amplifier;IfcAudioVisualApplianceTypeEnum;IfcAudioVisualApplianceType
camera;IfcAudioVisualApplianceTypeEnum;IfcAudioVisualApplianceType
display;IfcAudioVisualApplianceTypeEnum;IfcAudioVisualApplianceType
microphone;IfcAudioVisualApplianceTypeEnum;IfcAudioVisualApplianceType
player;IfcAudioVisualApplianceTypeEnum;IfcAudioVisualApplianceType
projector;IfcAudioVisualApplianceTypeEnum;IfcAudioVisualApplianceType
receiver;IfcAudioVisualApplianceTypeEnum;IfcAudioVisualApplianceType
speaker;IfcAudioVisualApplianceTypeEnum;IfcAudioVisualApplianceType
switcher;IfcAudioVisualApplianceTypeEnum;IfcAudioVisualApplianceType
telephone;IfcAudioVisualApplianceTypeEnum;IfcAudioVisualApplianceType
tuner;IfcAudioVisualApplianceTypeEnum;IfcAudioVisualApplianceType
beam;IfcBeamTypeEnum;IfcBeam
joist;IfcBeamTypeEnum;IfcBeam
hollowcore;IfcBeamTypeEnum;IfcBeam
lintel;IfcBeamTypeEnum;IfcBeam
spandrel;IfcBeamTypeEnum;IfcBeam
t_beam;IfcBeamTypeEnum;IfcBeam
girder_segment;IfcBeamTypeEnum;IfcBeam
diaphragm;IfcBeamTypeEnum;IfcBeam
piercap;IfcBeamTypeEnum;IfcBeam
hatstone;IfcBeamTypeEnum;IfcBeam
cornice;IfcBeamTypeEnum;IfcBeam
edgebeam;IfcBeamTypeEnum;IfcBeam
beam;IfcBeamTypeEnum;IfcBeamType
joist;IfcBeamTypeEnum;IfcBeamType
hollowcore;IfcBeamTypeEnum;IfcBeamType
lintel;IfcBeamTypeEnum;IfcBeamType
spandrel;IfcBeamTypeEnum;IfcBeamType
t_beam;IfcBeamTypeEnum;IfcBeamType
girder_segment;IfcBeamTypeEnum;IfcBeamType
diaphragm;IfcBeamTypeEnum;IfcBeamType
piercap;IfcBeamTypeEnum;IfcBeamType
hatstone;IfcBeamTypeEnum;IfcBeamType
cornice;IfcBeamTypeEnum;IfcBeamType
edgebeam;IfcBeamTypeEnum;IfcBeamType
cylindrical;IfcBearingTypeEnum;IfcBearing
spherical;IfcBearingTypeEnum;IfcBearing
elastomeric;IfcBearingTypeEnum;IfcBearing
pot;IfcBearingTypeEnum;IfcBearing
guide;IfcBearingTypeEnum;IfcBearing
rocker;IfcBearingTypeEnum;IfcBearing
roller;IfcBearingTypeEnum;IfcBearing
disk;IfcBearingTypeEnum;IfcBearing
cylindrical;IfcBearingTypeEnum;IfcBearingType
spherical;IfcBearingTypeEnum;IfcBearingType
elastomeric;IfcBearingTypeEnum;IfcBearingType
pot;IfcBearingTypeEnum;IfcBearingType
guide;IfcBearingTypeEnum;IfcBearingType
rocker;IfcBearingTypeEnum;IfcBearingType
roller;IfcBearingTypeEnum;IfcBearingType
disk;IfcBearingTypeEnum;IfcBearingType
water;IfcBoilerTypeEnum;IfcBoiler
steam;IfcBoilerTypeEnum;IfcBoiler
water;IfcBoilerTypeEnum;IfcBoilerType
steam;IfcBoilerTypeEnum;IfcBoilerType
insulation;IfcBuildingElementPartTypeEnum;IfcBuildingElementPart
precastpanel;IfcBuildingElementPartTypeEnum;IfcBuildingElementPart
apron;IfcBuildingElementPartTypeEnum;IfcBuildingElementPart
insulation;IfcBuildingElementPartTypeEnum;IfcBuildingElementPartType
precastpanel;IfcBuildingElementPartTypeEnum;IfcBuildingElementPartType
apron;IfcBuildingElementPartTypeEnum;IfcBuildingElementPartType
complex;IfcBuildingElementProxyTypeEnum;IfcBuildingElementProxy
element;IfcBuildingElementProxyTypeEnum;IfcBuildingElementProxy
partial;IfcBuildingElementProxyTypeEnum;IfcBuildingElementProxy
provisionforvoid;IfcBuildingElementProxyTypeEnum;IfcBuildingElementProxy
provisionforspace;IfcBuildingElementProxyTypeEnum;IfcBuildingElementProxy
complex;IfcBuildingElementProxyTypeEnum;IfcBuildingElementProxyType
element;IfcBuildingElementProxyTypeEnum;IfcBuildingElementProxyType
partial;IfcBuildingElementProxyTypeEnum;IfcBuildingElementProxyType
provisionforvoid;IfcBuildingElementProxyTypeEnum;IfcBuildingElementProxyType
provisionforspace;IfcBuildingElementProxyTypeEnum;IfcBuildingElementProxyType
bend;IfcCableCarrierFittingTypeEnum;IfcCableCarrierFitting
cross;IfcCableCarrierFittingTypeEnum;IfcCableCarrierFitting
reducer;IfcCableCarrierFittingTypeEnum;IfcCableCarrierFitting
tee;IfcCableCarrierFittingTypeEnum;IfcCableCarrierFitting
bend;IfcCableCarrierFittingTypeEnum;IfcCableCarrierFittingType
cross;IfcCableCarrierFittingTypeEnum;IfcCableCarrierFittingType
reducer;IfcCableCarrierFittingTypeEnum;IfcCableCarrierFittingType
tee;IfcCableCarrierFittingTypeEnum;IfcCableCarrierFittingType
cableladdersegment;IfcCableCarrierSegmentTypeEnum;IfcCableCarrierSegment
cabletraysegment;IfcCableCarrierSegmentTypeEnum;IfcCableCarrierSegment
cabletrunkingsegment;IfcCableCarrierSegmentTypeEnum;IfcCableCarrierSegment
conduitsegment;IfcCableCarrierSegmentTypeEnum;IfcCableCarrierSegment
cableladdersegment;IfcCableCarrierSegmentTypeEnum;IfcCableCarrierSegmentType
cabletraysegment;IfcCableCarrierSegmentTypeEnum;IfcCableCarrierSegmentType
cabletrunkingsegment;IfcCableCarrierSegmentTypeEnum;IfcCableCarrierSegmentType
conduitsegment;IfcCableCarrierSegmentTypeEnum;IfcCableCarrierSegmentType
connector;IfcCableFittingTypeEnum;IfcCableFitting
entry;IfcCableFittingTypeEnum;IfcCableFitting
exit;IfcCableFittingTypeEnum;IfcCableFitting
junction;IfcCableFittingTypeEnum;IfcCableFitting
transition;IfcCableFittingTypeEnum;IfcCableFitting
connector;IfcCableFittingTypeEnum;IfcCableFittingType
entry;IfcCableFittingTypeEnum;IfcCableFittingType
exit;IfcCableFittingTypeEnum;IfcCableFittingType
junction;IfcCableFittingTypeEnum;IfcCableFittingType
transition;IfcCableFittingTypeEnum;IfcCableFittingType
busbarsegment;IfcCableSegmentTypeEnum;IfcCableSegment
cablesegment;IfcCableSegmentTypeEnum;IfcCableSegment
conductorsegment;IfcCableSegmentTypeEnum;IfcCableSegment
coresegment;IfcCableSegmentTypeEnum;IfcCableSegment
busbarsegment;IfcCableSegmentTypeEnum;IfcCableSegmentType
cablesegment;IfcCableSegmentTypeEnum;IfcCableSegmentType
conductorsegment;IfcCableSegmentTypeEnum;IfcCableSegmentType
coresegment;IfcCableSegmentTypeEnum;IfcCableSegmentType
well;IfcCaissonFoundationTypeEnum;IfcCaissonFoundation
caisson;IfcCaissonFoundationTypeEnum;IfcCaissonFoundation
well;IfcCaissonFoundationTypeEnum;IfcCaissonFoundationType
caisson;IfcCaissonFoundationTypeEnum;IfcCaissonFoundationType
aircooled;IfcChillerTypeEnum;IfcChiller
watercooled;IfcChillerTypeEnum;IfcChiller
heatrecovery;IfcChillerTypeEnum;IfcChiller
aircooled;IfcChillerTypeEnum;IfcChillerType
watercooled;IfcChillerTypeEnum;IfcChillerType
heatrecovery;IfcChillerTypeEnum;IfcChillerType
dxcoolingcoil;IfcCoilTypeEnum;IfcCoil
electricheatingcoil;IfcCoilTypeEnum;IfcCoil
gasheatingcoil;IfcCoilTypeEnum;IfcCoil
hydroniccoil;IfcCoilTypeEnum;IfcCoil
steamheatingcoil;IfcCoilTypeEnum;IfcCoil
watercoolingcoil;IfcCoilTypeEnum;IfcCoil
waterheatingcoil;IfcCoilTypeEnum;IfcCoil
dxcoolingcoil;IfcCoilTypeEnum;IfcCoilType
electricheatingcoil;IfcCoilTypeEnum;IfcCoilType
gasheatingcoil;IfcCoilTypeEnum;IfcCoilType
hydroniccoil;IfcCoilTypeEnum;IfcCoilType
steamheatingcoil;IfcCoilTypeEnum;IfcCoilType
watercoolingcoil;IfcCoilTypeEnum;IfcCoilType
waterheatingcoil;IfcCoilTypeEnum;IfcCoilType
column;IfcColumnTypeEnum;IfcColumn
pilaster;IfcColumnTypeEnum;IfcColumn
pierstem;IfcColumnTypeEnum;IfcColumn
pierstem_segment;IfcColumnTypeEnum;IfcColumn
standcolumn;IfcColumnTypeEnum;IfcColumn
column;IfcColumnTypeEnum;IfcColumnType
pilaster;IfcColumnTypeEnum;IfcColumnType
pierstem;IfcColumnTypeEnum;IfcColumnType
pierstem_segment;IfcColumnTypeEnum;IfcColumnType
standcolumn;IfcColumnTypeEnum;IfcColumnType
antenna;IfcCommunicationsApplianceTypeEnum;IfcCommunicationsAppliance
computer;IfcCommunicationsApplianceTypeEnum;IfcCommunicationsAppliance
fax;IfcCommunicationsApplianceTypeEnum;IfcCommunicationsAppliance
gateway;IfcCommunicationsApplianceTypeEnum;IfcCommunicationsAppliance
modem;IfcCommunicationsApplianceTypeEnum;IfcCommunicationsAppliance
networkappliance;IfcCommunicationsApplianceTypeEnum;IfcCommunicationsAppliance
networkbridge;IfcCommunicationsApplianceTypeEnum;IfcCommunicationsAppliance
networkhub;IfcCommunicationsApplianceTypeEnum;IfcCommunicationsAppliance
printer;IfcCommunicationsApplianceTypeEnum;IfcCommunicationsAppliance
repeater;IfcCommunicationsApplianceTypeEnum;IfcCommunicationsAppliance
router;IfcCommunicationsApplianceTypeEnum;IfcCommunicationsAppliance
scanner;IfcCommunicationsApplianceTypeEnum;IfcCommunicationsAppliance
antenna;IfcCommunicationsApplianceTypeEnum;IfcCommunicationsApplianceType
computer;IfcCommunicationsApplianceTypeEnum;IfcCommunicationsApplianceType
fax;IfcCommunicationsApplianceTypeEnum;IfcCommunicationsApplianceType
gateway;IfcCommunicationsApplianceTypeEnum;IfcCommunicationsApplianceType
modem;IfcCommunicationsApplianceTypeEnum;IfcCommunicationsApplianceType
networkappliance;IfcCommunicationsApplianceTypeEnum;IfcCommunicationsApplianceType
networkbridge;IfcCommunicationsApplianceTypeEnum;IfcCommunicationsApplianceType
networkhub;IfcCommunicationsApplianceTypeEnum;IfcCommunicationsApplianceType
printer;IfcCommunicationsApplianceTypeEnum;IfcCommunicationsApplianceType
repeater;IfcCommunicationsApplianceTypeEnum;IfcCommunicationsApplianceType
router;IfcCommunicationsApplianceTypeEnum;IfcCommunicationsApplianceType
scanner;IfcCommunicationsApplianceTypeEnum;IfcCommunicationsApplianceType
dynamic;IfcCompressorTypeEnum;IfcCompressor
reciprocating;IfcCompressorTypeEnum;IfcCompressor
rotary;IfcCompressorTypeEnum;IfcCompressor
scroll;IfcCompressorTypeEnum;IfcCompressor
trochoidal;IfcCompressorTypeEnum;IfcCompressor
singlestage;IfcCompressorTypeEnum;IfcCompressor
booster;IfcCompressorTypeEnum;IfcCompressor
opentype;IfcCompressorTypeEnum;IfcCompressor
hermetic;IfcCompressorTypeEnum;IfcCompressor
semihermetic;IfcCompressorTypeEnum;IfcCompressor
weldedshellhermetic;IfcCompressorTypeEnum;IfcCompressor
rollingpiston;IfcCompressorTypeEnum;IfcCompressor
rotaryvane;IfcCompressorTypeEnum;IfcCompressor
singlescrew;IfcCompressorTypeEnum;IfcCompressor
twinscrew;IfcCompressorTypeEnum;IfcCompressor
dynamic;IfcCompressorTypeEnum;IfcCompressorType
reciprocating;IfcCompressorTypeEnum;IfcCompressorType
rotary;IfcCompressorTypeEnum;IfcCompressorType
scroll;IfcCompressorTypeEnum;IfcCompressorType
trochoidal;IfcCompressorTypeEnum;IfcCompressorType
singlestage;IfcCompressorTypeEnum;IfcCompressorType
booster;IfcCompressorTypeEnum;IfcCompressorType
opentype;IfcCompressorTypeEnum;IfcCompressorType
hermetic;IfcCompressorTypeEnum;IfcCompressorType
semihermetic;IfcCompressorTypeEnum;IfcCompressorType
weldedshellhermetic;IfcCompressorTypeEnum;IfcCompressorType
rollingpiston;IfcCompressorTypeEnum;IfcCompressorType
rotaryvane;IfcCompressorTypeEnum;IfcCompressorType
singlescrew;IfcCompressorTypeEnum;IfcCompressorType
twinscrew;IfcCompressorTypeEnum;IfcCompressorType
aircooled;IfcCondenserTypeEnum;IfcCondenser
evaporativecooled;IfcCondenserTypeEnum;IfcCondenser
watercooled;IfcCondenserTypeEnum;IfcCondenser
watercooledbrazedplate;IfcCondenserTypeEnum;IfcCondenser
watercooledshellcoil;IfcCondenserTypeEnum;IfcCondenser
watercooledshelltube;IfcCondenserTypeEnum;IfcCondenser
watercooledtubeintube;IfcCondenserTypeEnum;IfcCondenser
aircooled;IfcCondenserTypeEnum;IfcCondenserType
evaporativecooled;IfcCondenserTypeEnum;IfcCondenserType
watercooled;IfcCondenserTypeEnum;IfcCondenserType
watercooledbrazedplate;IfcCondenserTypeEnum;IfcCondenserType
watercooledshellcoil;IfcCondenserTypeEnum;IfcCondenserType
watercooledshelltube;IfcCondenserTypeEnum;IfcCondenserType
watercooledtubeintube;IfcCondenserTypeEnum;IfcCondenserType
floating;IfcControllerTypeEnum;IfcController
programmable;IfcControllerTypeEnum;IfcController
proportional;IfcControllerTypeEnum;IfcController
multiposition;IfcControllerTypeEnum;IfcController
twoposition;IfcControllerTypeEnum;IfcController
floating;IfcControllerTypeEnum;IfcControllerType
programmable;IfcControllerTypeEnum;IfcControllerType
proportional;IfcControllerTypeEnum;IfcControllerType
multiposition;IfcControllerTypeEnum;IfcControllerType
twoposition;IfcControllerTypeEnum;IfcControllerType
active;IfcCooledBeamTypeEnum;IfcCooledBeam
passive;IfcCooledBeamTypeEnum;IfcCooledBeam
active;IfcCooledBeamTypeEnum;IfcCooledBeamType
passive;IfcCooledBeamTypeEnum;IfcCooledBeamType
naturaldraft;IfcCoolingTowerTypeEnum;IfcCoolingTower
mechanicalinduceddraft;IfcCoolingTowerTypeEnum;IfcCoolingTower
mechanicalforceddraft;IfcCoolingTowerTypeEnum;IfcCoolingTower
naturaldraft;IfcCoolingTowerTypeEnum;IfcCoolingTowerType
mechanicalinduceddraft;IfcCoolingTowerTypeEnum;IfcCoolingTowerType
mechanicalforceddraft;IfcCoolingTowerTypeEnum;IfcCoolingTowerType
ceiling;IfcCoveringTypeEnum;IfcCovering
flooring;IfcCoveringTypeEnum;IfcCovering
cladding;IfcCoveringTypeEnum;IfcCovering
roofing;IfcCoveringTypeEnum;IfcCovering
molding;IfcCoveringTypeEnum;IfcCovering
skirtingboard;IfcCoveringTypeEnum;IfcCovering
insulation;IfcCoveringTypeEnum;IfcCovering
membrane;IfcCoveringTypeEnum;IfcCovering
sleeving;IfcCoveringTypeEnum;IfcCovering
wrapping;IfcCoveringTypeEnum;IfcCovering
coping;IfcCoveringTypeEnum;IfcCovering
ceiling;IfcCoveringTypeEnum;IfcCoveringType
flooring;IfcCoveringTypeEnum;IfcCoveringType
cladding;IfcCoveringTypeEnum;IfcCoveringType
roofing;IfcCoveringTypeEnum;IfcCoveringType
molding;IfcCoveringTypeEnum;IfcCoveringType
skirtingboard;IfcCoveringTypeEnum;IfcCoveringType
insulation;IfcCoveringTypeEnum;IfcCoveringType
membrane;IfcCoveringTypeEnum;IfcCoveringType
sleeving;IfcCoveringTypeEnum;IfcCoveringType
wrapping;IfcCoveringTypeEnum;IfcCoveringType
coping;IfcCoveringTypeEnum;IfcCoveringType
backdraftdamper;IfcDamperTypeEnum;IfcDamper
balancingdamper;IfcDamperTypeEnum;IfcDamper
blastdamper;IfcDamperTypeEnum;IfcDamper
controldamper;IfcDamperTypeEnum;IfcDamper
firedamper;IfcDamperTypeEnum;IfcDamper
firesmokedamper;IfcDamperTypeEnum;IfcDamper
fumehoodexhaust;IfcDamperTypeEnum;IfcDamper
gravitydamper;IfcDamperTypeEnum;IfcDamper
gravityreliefdamper;IfcDamperTypeEnum;IfcDamper
reliefdamper;IfcDamperTypeEnum;IfcDamper
smokedamper;IfcDamperTypeEnum;IfcDamper
backdraftdamper;IfcDamperTypeEnum;IfcDamperType
balancingdamper;IfcDamperTypeEnum;IfcDamperType
blastdamper;IfcDamperTypeEnum;IfcDamperType
controldamper;IfcDamperTypeEnum;IfcDamperType
firedamper;IfcDamperTypeEnum;IfcDamperType
firesmokedamper;IfcDamperTypeEnum;IfcDamperType
fumehoodexhaust;IfcDamperTypeEnum;IfcDamperType
gravitydamper;IfcDamperTypeEnum;IfcDamperType
gravityreliefdamper;IfcDamperTypeEnum;IfcDamperType
reliefdamper;IfcDamperTypeEnum;IfcDamperType
smokedamper;IfcDamperTypeEnum;IfcDamperType
anchorplate;IfcDiscreteAccessoryTypeEnum;IfcDiscreteAccessory
bracket;IfcDiscreteAccessoryTypeEnum;IfcDiscreteAccessory
shoe;IfcDiscreteAccessoryTypeEnum;IfcDiscreteAccessory
expansion_joint_device;IfcDiscreteAccessoryTypeEnum;IfcDiscreteAccessory
anchorplate;IfcDiscreteAccessoryTypeEnum;IfcDiscreteAccessoryType
bracket;IfcDiscreteAccessoryTypeEnum;IfcDiscreteAccessoryType
shoe;IfcDiscreteAccessoryTypeEnum;IfcDiscreteAccessoryType
expansion_joint_device;IfcDiscreteAccessoryTypeEnum;IfcDiscreteAccessoryType
formedduct;IfcDistributionChamberElementTypeEnum;IfcDistributionChamberElement
inspectionchamber;IfcDistributionChamberElementTypeEnum;IfcDistributionChamberElement
inspectionpit;IfcDistributionChamberElementTypeEnum;IfcDistributionChamberElement
manhole;IfcDistributionChamberElementTypeEnum;IfcDistributionChamberElement
meterchamber;IfcDistributionChamberElementTypeEnum;IfcDistributionChamberElement
sump;IfcDistributionChamberElementTypeEnum;IfcDistributionChamberElement
trench;IfcDistributionChamberElementTypeEnum;IfcDistributionChamberElement
valvechamber;IfcDistributionChamberElementTypeEnum;IfcDistributionChamberElement
formedduct;IfcDistributionChamberElementTypeEnum;IfcDistributionChamberElementType
inspectionchamber;IfcDistributionChamberElementTypeEnum;IfcDistributionChamberElementType
inspectionpit;IfcDistributionChamberElementTypeEnum;IfcDistributionChamberElementType
manhole;IfcDistributionChamberElementTypeEnum;IfcDistributionChamberElementType
meterchamber;IfcDistributionChamberElementTypeEnum;IfcDistributionChamberElementType
sump;IfcDistributionChamberElementTypeEnum;IfcDistributionChamberElementType
trench;IfcDistributionChamberElementTypeEnum;IfcDistributionChamberElementType
valvechamber;IfcDistributionChamberElementTypeEnum;IfcDistributionChamberElementType
door;IfcDoorTypeEnum;IfcDoor
gate;IfcDoorTypeEnum;IfcDoor
trapdoor;IfcDoorTypeEnum;IfcDoor
door;IfcDoorTypeEnum;IfcDoorType
gate;IfcDoorTypeEnum;IfcDoorType
trapdoor;IfcDoorTypeEnum;IfcDoorType
bend;IfcDuctFittingTypeEnum;IfcDuctFitting
connector;IfcDuctFittingTypeEnum;IfcDuctFitting
entry;IfcDuctFittingTypeEnum;IfcDuctFitting
exit;IfcDuctFittingTypeEnum;IfcDuctFitting
junction;IfcDuctFittingTypeEnum;IfcDuctFitting
obstruction;IfcDuctFittingTypeEnum;IfcDuctFitting
transition;IfcDuctFittingTypeEnum;IfcDuctFitting
bend;IfcDuctFittingTypeEnum;IfcDuctFittingType
connector;IfcDuctFittingTypeEnum;IfcDuctFittingType
entry;IfcDuctFittingTypeEnum;IfcDuctFittingType
exit;IfcDuctFittingTypeEnum;IfcDuctFittingType
junction;IfcDuctFittingTypeEnum;IfcDuctFittingType
obstruction;IfcDuctFittingTypeEnum;IfcDuctFittingType
transition;IfcDuctFittingTypeEnum;IfcDuctFittingType
rigidsegment;IfcDuctSegmentTypeEnum;IfcDuctSegment
flexiblesegment;IfcDuctSegmentTypeEnum;IfcDuctSegment
rigidsegment;IfcDuctSegmentTypeEnum;IfcDuctSegmentType
flexiblesegment;IfcDuctSegmentTypeEnum;IfcDuctSegmentType
flatoval;IfcDuctSilencerTypeEnum;IfcDuctSilencer
rectangular;IfcDuctSilencerTypeEnum;IfcDuctSilencer
round;IfcDuctSilencerTypeEnum;IfcDuctSilencer
flatoval;IfcDuctSilencerTypeEnum;IfcDuctSilencerType
rectangular;IfcDuctSilencerTypeEnum;IfcDuctSilencerType
round;IfcDuctSilencerTypeEnum;IfcDuctSilencerType
dishwasher;IfcElectricApplianceTypeEnum;IfcElectricAppliance
electriccooker;IfcElectricApplianceTypeEnum;IfcElectricAppliance
freestandingelectricheater;IfcElectricApplianceTypeEnum;IfcElectricAppliance
freestandingfan;IfcElectricApplianceTypeEnum;IfcElectricAppliance
freestandingwaterheater;IfcElectricApplianceTypeEnum;IfcElectricAppliance
freestandingwatercooler;IfcElectricApplianceTypeEnum;IfcElectricAppliance
freezer;IfcElectricApplianceTypeEnum;IfcElectricAppliance
fridge_freezer;IfcElectricApplianceTypeEnum;IfcElectricAppliance
handdryer;IfcElectricApplianceTypeEnum;IfcElectricAppliance
kitchenmachine;IfcElectricApplianceTypeEnum;IfcElectricAppliance
microwave;IfcElectricApplianceTypeEnum;IfcElectricAppliance
photocopier;IfcElectricApplianceTypeEnum;IfcElectricAppliance
refrigerator;IfcElectricApplianceTypeEnum;IfcElectricAppliance
tumbledryer;IfcElectricApplianceTypeEnum;IfcElectricAppliance
vendingmachine;IfcElectricApplianceTypeEnum;IfcElectricAppliance
washingmachine;IfcElectricApplianceTypeEnum;IfcElectricAppliance
dishwasher;IfcElectricApplianceTypeEnum;IfcElectricApplianceType
electriccooker;IfcElectricApplianceTypeEnum;IfcElectricApplianceType
freestandingelectricheater;IfcElectricApplianceTypeEnum;IfcElectricApplianceType
freestandingfan;IfcElectricApplianceTypeEnum;IfcElectricApplianceType
freestandingwaterheater;IfcElectricApplianceTypeEnum;IfcElectricApplianceType
freestandingwatercooler;IfcElectricApplianceTypeEnum;IfcElectricApplianceType
freezer;IfcElectricApplianceTypeEnum;IfcElectricApplianceType
fridge_freezer;IfcElectricApplianceTypeEnum;IfcElectricApplianceType
handdryer;IfcElectricApplianceTypeEnum;IfcElectricApplianceType
kitchenmachine;IfcElectricApplianceTypeEnum;IfcElectricApplianceType
microwave;IfcElectricApplianceTypeEnum;IfcElectricApplianceType
photocopier;IfcElectricApplianceTypeEnum;IfcElectricApplianceType
refrigerator;IfcElectricApplianceTypeEnum;IfcElectricApplianceType
tumbledryer;IfcElectricApplianceTypeEnum;IfcElectricApplianceType
vendingmachine;IfcElectricApplianceTypeEnum;IfcElectricApplianceType
washingmachine;IfcElectricApplianceTypeEnum;IfcElectricApplianceType
consumerunit;IfcElectricDistributionBoardTypeEnum;IfcElectricDistributionBoard
distributionboard;IfcElectricDistributionBoardTypeEnum;IfcElectricDistributionBoard
motorcontrolcentre;IfcElectricDistributionBoardTypeEnum;IfcElectricDistributionBoard
switchboard;IfcElectricDistributionBoardTypeEnum;IfcElectricDistributionBoard
consumerunit;IfcElectricDistributionBoardTypeEnum;IfcElectricDistributionBoardType
distributionboard;IfcElectricDistributionBoardTypeEnum;IfcElectricDistributionBoardType
motorcontrolcentre;IfcElectricDistributionBoardTypeEnum;IfcElectricDistributionBoardType
switchboard;IfcElectricDistributionBoardTypeEnum;IfcElectricDistributionBoardType
battery;IfcElectricFlowStorageDeviceTypeEnum;IfcElectricFlowStorageDevice
capacitorbank;IfcElectricFlowStorageDeviceTypeEnum;IfcElectricFlowStorageDevice
harmonicfilter;IfcElectricFlowStorageDeviceTypeEnum;IfcElectricFlowStorageDevice
inductorbank;IfcElectricFlowStorageDeviceTypeEnum;IfcElectricFlowStorageDevice
ups;IfcElectricFlowStorageDeviceTypeEnum;IfcElectricFlowStorageDevice
battery;IfcElectricFlowStorageDeviceTypeEnum;IfcElectricFlowStorageDeviceType
capacitorbank;IfcElectricFlowStorageDeviceTypeEnum;IfcElectricFlowStorageDeviceType
harmonicfilter;IfcElectricFlowStorageDeviceTypeEnum;IfcElectricFlowStorageDeviceType
inductorbank;IfcElectricFlowStorageDeviceTypeEnum;IfcElectricFlowStorageDeviceType
ups;IfcElectricFlowStorageDeviceTypeEnum;IfcElectricFlowStorageDeviceType
chp;IfcElectricGeneratorTypeEnum;IfcElectricGenerator
enginegenerator;IfcElectricGeneratorTypeEnum;IfcElectricGenerator
standalone;IfcElectricGeneratorTypeEnum;IfcElectricGenerator
chp;IfcElectricGeneratorTypeEnum;IfcElectricGeneratorType
enginegenerator;IfcElectricGeneratorTypeEnum;IfcElectricGeneratorType
standalone;IfcElectricGeneratorTypeEnum;IfcElectricGeneratorType
dc;IfcElectricMotorTypeEnum;IfcElectricMotor
induction;IfcElectricMotorTypeEnum;IfcElectricMotor
polyphase;IfcElectricMotorTypeEnum;IfcElectricMotor
reluctancesynchronous;IfcElectricMotorTypeEnum;IfcElectricMotor
synchronous;IfcElectricMotorTypeEnum;IfcElectricMotor
dc;IfcElectricMotorTypeEnum;IfcElectricMotorType
induction;IfcElectricMotorTypeEnum;IfcElectricMotorType
polyphase;IfcElectricMotorTypeEnum;IfcElectricMotorType
reluctancesynchronous;IfcElectricMotorTypeEnum;IfcElectricMotorType
synchronous;IfcElectricMotorTypeEnum;IfcElectricMotorType
timeclock;IfcElectricTimeControlTypeEnum;IfcElectricTimeControl
timedelay;IfcElectricTimeControlTypeEnum;IfcElectricTimeControl
relay;IfcElectricTimeControlTypeEnum;IfcElectricTimeControl
timeclock;IfcElectricTimeControlTypeEnum;IfcElectricTimeControlType
timedelay;IfcElectricTimeControlTypeEnum;IfcElectricTimeControlType
relay;IfcElectricTimeControlTypeEnum;IfcElectricTimeControlType
accessory_assembly;IfcElementAssemblyTypeEnum;IfcElementAssembly
arch;IfcElementAssemblyTypeEnum;IfcElementAssembly
beam_grid;IfcElementAssemblyTypeEnum;IfcElementAssembly
braced_frame;IfcElementAssemblyTypeEnum;IfcElementAssembly
girder;IfcElementAssemblyTypeEnum;IfcElementAssembly
reinforcement_unit;IfcElementAssemblyTypeEnum;IfcElementAssembly
rigid_frame;IfcElementAssemblyTypeEnum;IfcElementAssembly
slab_field;IfcElementAssemblyTypeEnum;IfcElementAssembly
truss;IfcElementAssemblyTypeEnum;IfcElementAssembly
abutment;IfcElementAssemblyTypeEnum;IfcElementAssembly
pier;IfcElementAssemblyTypeEnum;IfcElementAssembly
pylon;IfcElementAssemblyTypeEnum;IfcElementAssembly
cross_bracing;IfcElementAssemblyTypeEnum;IfcElementAssembly
deck;IfcElementAssemblyTypeEnum;IfcElementAssembly
accessory_assembly;IfcElementAssemblyTypeEnum;IfcElementAssemblyType
arch;IfcElementAssemblyTypeEnum;IfcElementAssemblyType
beam_grid;IfcElementAssemblyTypeEnum;IfcElementAssemblyType
braced_frame;IfcElementAssemblyTypeEnum;IfcElementAssemblyType
girder;IfcElementAssemblyTypeEnum;IfcElementAssemblyType
reinforcement_unit;IfcElementAssemblyTypeEnum;IfcElementAssemblyType
rigid_frame;IfcElementAssemblyTypeEnum;IfcElementAssemblyType
slab_field;IfcElementAssemblyTypeEnum;IfcElementAssemblyType
truss;IfcElementAssemblyTypeEnum;IfcElementAssemblyType
abutment;IfcElementAssemblyTypeEnum;IfcElementAssemblyType
pier;IfcElementAssemblyTypeEnum;IfcElementAssemblyType
pylon;IfcElementAssemblyTypeEnum;IfcElementAssemblyType
cross_bracing;IfcElementAssemblyTypeEnum;IfcElementAssemblyType
deck;IfcElementAssemblyTypeEnum;IfcElementAssemblyType
externalcombustion;IfcEngineTypeEnum;IfcEngine
internalcombustion;IfcEngineTypeEnum;IfcEngine
externalcombustion;IfcEngineTypeEnum;IfcEngineType
internalcombustion;IfcEngineTypeEnum;IfcEngineType
directevaporativerandommediaaircooler;IfcEvaporativeCoolerTypeEnum;IfcEvaporativeCooler
directevaporativerigidmediaaircooler;IfcEvaporativeCoolerTypeEnum;IfcEvaporativeCooler
directevaporativeslingerspackagedaircooler;IfcEvaporativeCoolerTypeEnum;IfcEvaporativeCooler
directevaporativepackagedrotaryaircooler;IfcEvaporativeCoolerTypeEnum;IfcEvaporativeCooler
directevaporativeairwasher;IfcEvaporativeCoolerTypeEnum;IfcEvaporativeCooler
indirectevaporativepackageaircooler;IfcEvaporativeCoolerTypeEnum;IfcEvaporativeCooler
indirectevaporativewetcoil;IfcEvaporativeCoolerTypeEnum;IfcEvaporativeCooler
indirectevaporativecoolingtowerorcoilcooler;IfcEvaporativeCoolerTypeEnum;IfcEvaporativeCooler
indirectdirectcombination;IfcEvaporativeCoolerTypeEnum;IfcEvaporativeCooler
directevaporativerandommediaaircooler;IfcEvaporativeCoolerTypeEnum;IfcEvaporativeCoolerType
directevaporativerigidmediaaircooler;IfcEvaporativeCoolerTypeEnum;IfcEvaporativeCoolerType
directevaporativeslingerspackagedaircooler;IfcEvaporativeCoolerTypeEnum;IfcEvaporativeCoolerType
directevaporativepackagedrotaryaircooler;IfcEvaporativeCoolerTypeEnum;IfcEvaporativeCoolerType
directevaporativeairwasher;IfcEvaporativeCoolerTypeEnum;IfcEvaporativeCoolerType
indirectevaporativepackageaircooler;IfcEvaporativeCoolerTypeEnum;IfcEvaporativeCoolerType
indirectevaporativewetcoil;IfcEvaporativeCoolerTypeEnum;IfcEvaporativeCoolerType
indirectevaporativecoolingtowerorcoilcooler;IfcEvaporativeCoolerTypeEnum;IfcEvaporativeCoolerType
indirectdirectcombination;IfcEvaporativeCoolerTypeEnum;IfcEvaporativeCoolerType
directexpansion;IfcEvaporatorTypeEnum;IfcEvaporator
directexpansionshellandtube;IfcEvaporatorTypeEnum;IfcEvaporator
directexpansiontubeintube;IfcEvaporatorTypeEnum;IfcEvaporator
directexpansionbrazedplate;IfcEvaporatorTypeEnum;IfcEvaporator
floodedshellandtube;IfcEvaporatorTypeEnum;IfcEvaporator
shellandcoil;IfcEvaporatorTypeEnum;IfcEvaporator
directexpansion;IfcEvaporatorTypeEnum;IfcEvaporatorType
directexpansionshellandtube;IfcEvaporatorTypeEnum;IfcEvaporatorType
directexpansiontubeintube;IfcEvaporatorTypeEnum;IfcEvaporatorType
directexpansionbrazedplate;IfcEvaporatorTypeEnum;IfcEvaporatorType
floodedshellandtube;IfcEvaporatorTypeEnum;IfcEvaporatorType
shellandcoil;IfcEvaporatorTypeEnum;IfcEvaporatorType
centrifugalforwardcurved;IfcFanTypeEnum;IfcFan
centrifugalradial;IfcFanTypeEnum;IfcFan
centrifugalbackwardinclinedcurved;IfcFanTypeEnum;IfcFan
centrifugalairfoil;IfcFanTypeEnum;IfcFan
tubeaxial;IfcFanTypeEnum;IfcFan
vaneaxial;IfcFanTypeEnum;IfcFan
propelloraxial;IfcFanTypeEnum;IfcFan
centrifugalforwardcurved;IfcFanTypeEnum;IfcFanType
centrifugalradial;IfcFanTypeEnum;IfcFanType
centrifugalbackwardinclinedcurved;IfcFanTypeEnum;IfcFanType
centrifugalairfoil;IfcFanTypeEnum;IfcFanType
tubeaxial;IfcFanTypeEnum;IfcFanType
vaneaxial;IfcFanTypeEnum;IfcFanType
propelloraxial;IfcFanTypeEnum;IfcFanType
glue;IfcFastenerTypeEnum;IfcFastener
mortar;IfcFastenerTypeEnum;IfcFastener
weld;IfcFastenerTypeEnum;IfcFastener
glue;IfcFastenerTypeEnum;IfcFastenerType
mortar;IfcFastenerTypeEnum;IfcFastenerType
weld;IfcFastenerTypeEnum;IfcFastenerType
airparticlefilter;IfcFilterTypeEnum;IfcFilter
compressedairfilter;IfcFilterTypeEnum;IfcFilter
odorfilter;IfcFilterTypeEnum;IfcFilter
oilfilter;IfcFilterTypeEnum;IfcFilter
strainer;IfcFilterTypeEnum;IfcFilter
waterfilter;IfcFilterTypeEnum;IfcFilter
airparticlefilter;IfcFilterTypeEnum;IfcFilterType
compressedairfilter;IfcFilterTypeEnum;IfcFilterType
odorfilter;IfcFilterTypeEnum;IfcFilterType
oilfilter;IfcFilterTypeEnum;IfcFilterType
strainer;IfcFilterTypeEnum;IfcFilterType
waterfilter;IfcFilterTypeEnum;IfcFilterType
breechinginlet;IfcFireSuppressionTerminalTypeEnum;IfcFireSuppressionTerminal
firehydrant;IfcFireSuppressionTerminalTypeEnum;IfcFireSuppressionTerminal
hosereel;IfcFireSuppressionTerminalTypeEnum;IfcFireSuppressionTerminal
sprinkler;IfcFireSuppressionTerminalTypeEnum;IfcFireSuppressionTerminal
sprinklerdeflector;IfcFireSuppressionTerminalTypeEnum;IfcFireSuppressionTerminal
breechinginlet;IfcFireSuppressionTerminalTypeEnum;IfcFireSuppressionTerminalType
firehydrant;IfcFireSuppressionTerminalTypeEnum;IfcFireSuppressionTerminalType
hosereel;IfcFireSuppressionTerminalTypeEnum;IfcFireSuppressionTerminalType
sprinkler;IfcFireSuppressionTerminalTypeEnum;IfcFireSuppressionTerminalType
sprinklerdeflector;IfcFireSuppressionTerminalTypeEnum;IfcFireSuppressionTerminalType
pressuregauge;IfcFlowInstrumentTypeEnum;IfcFlowInstrument
thermometer;IfcFlowInstrumentTypeEnum;IfcFlowInstrument
ammeter;IfcFlowInstrumentTypeEnum;IfcFlowInstrument
frequencymeter;IfcFlowInstrumentTypeEnum;IfcFlowInstrument
powerfactormeter;IfcFlowInstrumentTypeEnum;IfcFlowInstrument
phaseanglemeter;IfcFlowInstrumentTypeEnum;IfcFlowInstrument
voltmeter_peak;IfcFlowInstrumentTypeEnum;IfcFlowInstrument
voltmeter_rms;IfcFlowInstrumentTypeEnum;IfcFlowInstrument
pressuregauge;IfcFlowInstrumentTypeEnum;IfcFlowInstrumentType
thermometer;IfcFlowInstrumentTypeEnum;IfcFlowInstrumentType
ammeter;IfcFlowInstrumentTypeEnum;IfcFlowInstrumentType
frequencymeter;IfcFlowInstrumentTypeEnum;IfcFlowInstrumentType
powerfactormeter;IfcFlowInstrumentTypeEnum;IfcFlowInstrumentType
phaseanglemeter;IfcFlowInstrumentTypeEnum;IfcFlowInstrumentType
voltmeter_peak;IfcFlowInstrumentTypeEnum;IfcFlowInstrumentType
voltmeter_rms;IfcFlowInstrumentTypeEnum;IfcFlowInstrumentType
energymeter;IfcFlowMeterTypeEnum;IfcFlowMeter
gasmeter;IfcFlowMeterTypeEnum;IfcFlowMeter
oilmeter;IfcFlowMeterTypeEnum;IfcFlowMeter
watermeter;IfcFlowMeterTypeEnum;IfcFlowMeter
energymeter;IfcFlowMeterTypeEnum;IfcFlowMeterType
gasmeter;IfcFlowMeterTypeEnum;IfcFlowMeterType
oilmeter;IfcFlowMeterTypeEnum;IfcFlowMeterType
watermeter;IfcFlowMeterTypeEnum;IfcFlowMeterType
caisson_foundation;IfcFootingTypeEnum;IfcFooting
footing_beam;IfcFootingTypeEnum;IfcFooting
pad_footing;IfcFootingTypeEnum;IfcFooting
pile_cap;IfcFootingTypeEnum;IfcFooting
strip_footing;IfcFootingTypeEnum;IfcFooting
caisson_foundation;IfcFootingTypeEnum;IfcFootingType
footing_beam;IfcFootingTypeEnum;IfcFootingType
pad_footing;IfcFootingTypeEnum;IfcFootingType
pile_cap;IfcFootingTypeEnum;IfcFootingType
strip_footing;IfcFootingTypeEnum;IfcFootingType
chair;IfcFurnitureTypeEnum;IfcFurniture
table;IfcFurnitureTypeEnum;IfcFurniture
desk;IfcFurnitureTypeEnum;IfcFurniture
bed;IfcFurnitureTypeEnum;IfcFurniture
filecabinet;IfcFurnitureTypeEnum;IfcFurniture
shelf;IfcFurnitureTypeEnum;IfcFurniture
sofa;IfcFurnitureTypeEnum;IfcFurniture
chair;IfcFurnitureTypeEnum;IfcFurnitureType
table;IfcFurnitureTypeEnum;IfcFurnitureType
desk;IfcFurnitureTypeEnum;IfcFurnitureType
bed;IfcFurnitureTypeEnum;IfcFurnitureType
filecabinet;IfcFurnitureTypeEnum;IfcFurnitureType
shelf;IfcFurnitureTypeEnum;IfcFurnitureType
sofa;IfcFurnitureTypeEnum;IfcFurnitureType
terrain;IfcGeographicElementTypeEnum;IfcGeographicElement
soil_boring_point;IfcGeographicElementTypeEnum;IfcGeographicElement
terrain;IfcGeographicElementTypeEnum;IfcGeographicElementType
soil_boring_point;IfcGeographicElementTypeEnum;IfcGeographicElementType
plate;IfcHeatExchangerTypeEnum;IfcHeatExchanger
shellandtube;IfcHeatExchangerTypeEnum;IfcHeatExchanger
plate;IfcHeatExchangerTypeEnum;IfcHeatExchangerType
shellandtube;IfcHeatExchangerTypeEnum;IfcHeatExchangerType
steaminjection;IfcHumidifierTypeEnum;IfcHumidifier
adiabaticairwasher;IfcHumidifierTypeEnum;IfcHumidifier
adiabaticpan;IfcHumidifierTypeEnum;IfcHumidifier
adiabaticwettedelement;IfcHumidifierTypeEnum;IfcHumidifier
adiabaticatomizing;IfcHumidifierTypeEnum;IfcHumidifier
adiabaticultrasonic;IfcHumidifierTypeEnum;IfcHumidifier
adiabaticrigidmedia;IfcHumidifierTypeEnum;IfcHumidifier
adiabaticcompressedairnozzle;IfcHumidifierTypeEnum;IfcHumidifier
assistedelectric;IfcHumidifierTypeEnum;IfcHumidifier
assistednaturalgas;IfcHumidifierTypeEnum;IfcHumidifier
assistedpropane;IfcHumidifierTypeEnum;IfcHumidifier
assistedbutane;IfcHumidifierTypeEnum;IfcHumidifier
assistedsteam;IfcHumidifierTypeEnum;IfcHumidifier
steaminjection;IfcHumidifierTypeEnum;IfcHumidifierType
adiabaticairwasher;IfcHumidifierTypeEnum;IfcHumidifierType
adiabaticpan;IfcHumidifierTypeEnum;IfcHumidifierType
adiabaticwettedelement;IfcHumidifierTypeEnum;IfcHumidifierType
adiabaticatomizing;IfcHumidifierTypeEnum;IfcHumidifierType
adiabaticultrasonic;IfcHumidifierTypeEnum;IfcHumidifierType
adiabaticrigidmedia;IfcHumidifierTypeEnum;IfcHumidifierType
adiabaticcompressedairnozzle;IfcHumidifierTypeEnum;IfcHumidifierType
assistedelectric;IfcHumidifierTypeEnum;IfcHumidifierType
assistednaturalgas;IfcHumidifierTypeEnum;IfcHumidifierType
assistedpropane;IfcHumidifierTypeEnum;IfcHumidifierType
assistedbutane;IfcHumidifierTypeEnum;IfcHumidifierType
assistedsteam;IfcHumidifierTypeEnum;IfcHumidifierType
cyclonic;IfcInterceptorTypeEnum;IfcInterceptor
grease;IfcInterceptorTypeEnum;IfcInterceptor
oil;IfcInterceptorTypeEnum;IfcInterceptor
petrol;IfcInterceptorTypeEnum;IfcInterceptor
cyclonic;IfcInterceptorTypeEnum;IfcInterceptorType
grease;IfcInterceptorTypeEnum;IfcInterceptorType
oil;IfcInterceptorTypeEnum;IfcInterceptorType
petrol;IfcInterceptorTypeEnum;IfcInterceptorType
data;IfcJunctionBoxTypeEnum;IfcJunctionBox
power;IfcJunctionBoxTypeEnum;IfcJunctionBox
data;IfcJunctionBoxTypeEnum;IfcJunctionBoxType
power;IfcJunctionBoxTypeEnum;IfcJunctionBoxType
compactfluorescent;IfcLampTypeEnum;IfcLamp
fluorescent;IfcLampTypeEnum;IfcLamp
halogen;IfcLampTypeEnum;IfcLamp
highpressuremercury;IfcLampTypeEnum;IfcLamp
highpressuresodium;IfcLampTypeEnum;IfcLamp
led;IfcLampTypeEnum;IfcLamp
metalhalide;IfcLampTypeEnum;IfcLamp
oled;IfcLampTypeEnum;IfcLamp
tungstenfilament;IfcLampTypeEnum;IfcLamp
compactfluorescent;IfcLampTypeEnum;IfcLampType
fluorescent;IfcLampTypeEnum;IfcLampType
halogen;IfcLampTypeEnum;IfcLampType
highpressuremercury;IfcLampTypeEnum;IfcLampType
highpressuresodium;IfcLampTypeEnum;IfcLampType
led;IfcLampTypeEnum;IfcLampType
metalhalide;IfcLampTypeEnum;IfcLampType
oled;IfcLampTypeEnum;IfcLampType
tungstenfilament;IfcLampTypeEnum;IfcLampType
pointsource;IfcLightFixtureTypeEnum;IfcLightFixture
directionsource;IfcLightFixtureTypeEnum;IfcLightFixture
securitylighting;IfcLightFixtureTypeEnum;IfcLightFixture
pointsource;IfcLightFixtureTypeEnum;IfcLightFixtureType
directionsource;IfcLightFixtureTypeEnum;IfcLightFixtureType
securitylighting;IfcLightFixtureTypeEnum;IfcLightFixtureType
anchorbolt;IfcMechanicalFastenerTypeEnum;IfcMechanicalFastener
bolt;IfcMechanicalFastenerTypeEnum;IfcMechanicalFastener
dowel;IfcMechanicalFastenerTypeEnum;IfcMechanicalFastener
nail;IfcMechanicalFastenerTypeEnum;IfcMechanicalFastener
nailplate;IfcMechanicalFastenerTypeEnum;IfcMechanicalFastener
rivet;IfcMechanicalFastenerTypeEnum;IfcMechanicalFastener
screw;IfcMechanicalFastenerTypeEnum;IfcMechanicalFastener
shearconnector;IfcMechanicalFastenerTypeEnum;IfcMechanicalFastener
staple;IfcMechanicalFastenerTypeEnum;IfcMechanicalFastener
studshearconnector;IfcMechanicalFastenerTypeEnum;IfcMechanicalFastener
coupler;IfcMechanicalFastenerTypeEnum;IfcMechanicalFastener
anchorbolt;IfcMechanicalFastenerTypeEnum;IfcMechanicalFastenerType
bolt;IfcMechanicalFastenerTypeEnum;IfcMechanicalFastenerType
dowel;IfcMechanicalFastenerTypeEnum;IfcMechanicalFastenerType
nail;IfcMechanicalFastenerTypeEnum;IfcMechanicalFastenerType
nailplate;IfcMechanicalFastenerTypeEnum;IfcMechanicalFastenerType
rivet;IfcMechanicalFastenerTypeEnum;IfcMechanicalFastenerType
screw;IfcMechanicalFastenerTypeEnum;IfcMechanicalFastenerType
shearconnector;IfcMechanicalFastenerTypeEnum;IfcMechanicalFastenerType
staple;IfcMechanicalFastenerTypeEnum;IfcMechanicalFastenerType
studshearconnector;IfcMechanicalFastenerTypeEnum;IfcMechanicalFastenerType
coupler;IfcMechanicalFastenerTypeEnum;IfcMechanicalFastenerType
airstation;IfcMedicalDeviceTypeEnum;IfcMedicalDevice
feedairunit;IfcMedicalDeviceTypeEnum;IfcMedicalDevice
oxygengenerator;IfcMedicalDeviceTypeEnum;IfcMedicalDevice
oxygenplant;IfcMedicalDeviceTypeEnum;IfcMedicalDevice
vacuumstation;IfcMedicalDeviceTypeEnum;IfcMedicalDevice
airstation;IfcMedicalDeviceTypeEnum;IfcMedicalDeviceType
feedairunit;IfcMedicalDeviceTypeEnum;IfcMedicalDeviceType
oxygengenerator;IfcMedicalDeviceTypeEnum;IfcMedicalDeviceType
oxygenplant;IfcMedicalDeviceTypeEnum;IfcMedicalDeviceType
vacuumstation;IfcMedicalDeviceTypeEnum;IfcMedicalDeviceType
brace;IfcMemberTypeEnum;IfcMember
chord;IfcMemberTypeEnum;IfcMember
collar;IfcMemberTypeEnum;IfcMember
member;IfcMemberTypeEnum;IfcMember
mullion;IfcMemberTypeEnum;IfcMember
plate;IfcMemberTypeEnum;IfcMember
post;IfcMemberTypeEnum;IfcMember
purlin;IfcMemberTypeEnum;IfcMember
rafter;IfcMemberTypeEnum;IfcMember
stringer;IfcMemberTypeEnum;IfcMember
strut;IfcMemberTypeEnum;IfcMember
stud;IfcMemberTypeEnum;IfcMember
stiffening_rib;IfcMemberTypeEnum;IfcMember
arch_segment;IfcMemberTypeEnum;IfcMember
suspension_cable;IfcMemberTypeEnum;IfcMember
suspender;IfcMemberTypeEnum;IfcMember
stay_cable;IfcMemberTypeEnum;IfcMember
brace;IfcMemberTypeEnum;IfcMemberType
chord;IfcMemberTypeEnum;IfcMemberType
collar;IfcMemberTypeEnum;IfcMemberType
member;IfcMemberTypeEnum;IfcMemberType
mullion;IfcMemberTypeEnum;IfcMemberType
plate;IfcMemberTypeEnum;IfcMemberType
post;IfcMemberTypeEnum;IfcMemberType
purlin;IfcMemberTypeEnum;IfcMemberType
rafter;IfcMemberTypeEnum;IfcMemberType
stringer;IfcMemberTypeEnum;IfcMemberType
strut;IfcMemberTypeEnum;IfcMemberType
stud;IfcMemberTypeEnum;IfcMemberType
stiffening_rib;IfcMemberTypeEnum;IfcMemberType
arch_segment;IfcMemberTypeEnum;IfcMemberType
suspension_cable;IfcMemberTypeEnum;IfcMemberType
suspender;IfcMemberTypeEnum;IfcMemberType
stay_cable;IfcMemberTypeEnum;IfcMemberType
beltdrive;IfcMotorConnectionTypeEnum;IfcMotorConnection
coupling;IfcMotorConnectionTypeEnum;IfcMotorConnection
directdrive;IfcMotorConnectionTypeEnum;IfcMotorConnection
beltdrive;IfcMotorConnectionTypeEnum;IfcMotorConnectionType
coupling;IfcMotorConnectionTypeEnum;IfcMotorConnectionType
directdrive;IfcMotorConnectionTypeEnum;IfcMotorConnectionType
opening;IfcOpeningElementTypeEnum;IfcOpeningElement
recess;IfcOpeningElementTypeEnum;IfcOpeningElement
audiovisualoutlet;IfcOutletTypeEnum;IfcOutlet
communicationsoutlet;IfcOutletTypeEnum;IfcOutlet
poweroutlet;IfcOutletTypeEnum;IfcOutlet
dataoutlet;IfcOutletTypeEnum;IfcOutlet
telephoneoutlet;IfcOutletTypeEnum;IfcOutlet
audiovisualoutlet;IfcOutletTypeEnum;IfcOutletType
communicationsoutlet;IfcOutletTypeEnum;IfcOutletType
poweroutlet;IfcOutletTypeEnum;IfcOutletType
dataoutlet;IfcOutletTypeEnum;IfcOutletType
telephoneoutlet;IfcOutletTypeEnum;IfcOutletType
bored;IfcPileTypeEnum;IfcPile
driven;IfcPileTypeEnum;IfcPile
jetgrouting;IfcPileTypeEnum;IfcPile
cohesion;IfcPileTypeEnum;IfcPile
friction;IfcPileTypeEnum;IfcPile
support;IfcPileTypeEnum;IfcPile
bored;IfcPileTypeEnum;IfcPileType
driven;IfcPileTypeEnum;IfcPileType
jetgrouting;IfcPileTypeEnum;IfcPileType
cohesion;IfcPileTypeEnum;IfcPileType
friction;IfcPileTypeEnum;IfcPileType
support;IfcPileTypeEnum;IfcPileType
bend;IfcPipeFittingTypeEnum;IfcPipeFitting
connector;IfcPipeFittingTypeEnum;IfcPipeFitting
entry;IfcPipeFittingTypeEnum;IfcPipeFitting
exit;IfcPipeFittingTypeEnum;IfcPipeFitting
junction;IfcPipeFittingTypeEnum;IfcPipeFitting
obstruction;IfcPipeFittingTypeEnum;IfcPipeFitting
transition;IfcPipeFittingTypeEnum;IfcPipeFitting
bend;IfcPipeFittingTypeEnum;IfcPipeFittingType
connector;IfcPipeFittingTypeEnum;IfcPipeFittingType
entry;IfcPipeFittingTypeEnum;IfcPipeFittingType
exit;IfcPipeFittingTypeEnum;IfcPipeFittingType
junction;IfcPipeFittingTypeEnum;IfcPipeFittingType
obstruction;IfcPipeFittingTypeEnum;IfcPipeFittingType
transition;IfcPipeFittingTypeEnum;IfcPipeFittingType
culvert;IfcPipeSegmentTypeEnum;IfcPipeSegment
flexiblesegment;IfcPipeSegmentTypeEnum;IfcPipeSegment
rigidsegment;IfcPipeSegmentTypeEnum;IfcPipeSegment
gutter;IfcPipeSegmentTypeEnum;IfcPipeSegment
spool;IfcPipeSegmentTypeEnum;IfcPipeSegment
culvert;IfcPipeSegmentTypeEnum;IfcPipeSegmentType
flexiblesegment;IfcPipeSegmentTypeEnum;IfcPipeSegmentType
rigidsegment;IfcPipeSegmentTypeEnum;IfcPipeSegmentType
gutter;IfcPipeSegmentTypeEnum;IfcPipeSegmentType
spool;IfcPipeSegmentTypeEnum;IfcPipeSegmentType
curtain_panel;IfcPlateTypeEnum;IfcPlate
sheet;IfcPlateTypeEnum;IfcPlate
flange_plate;IfcPlateTypeEnum;IfcPlate
web_plate;IfcPlateTypeEnum;IfcPlate
stiffener_plate;IfcPlateTypeEnum;IfcPlate
gusset_plate;IfcPlateTypeEnum;IfcPlate
cover_plate;IfcPlateTypeEnum;IfcPlate
splice_plate;IfcPlateTypeEnum;IfcPlate
base_plate;IfcPlateTypeEnum;IfcPlate
curtain_panel;IfcPlateTypeEnum;IfcPlateType
sheet;IfcPlateTypeEnum;IfcPlateType
flange_plate;IfcPlateTypeEnum;IfcPlateType
web_plate;IfcPlateTypeEnum;IfcPlateType
stiffener_plate;IfcPlateTypeEnum;IfcPlateType
gusset_plate;IfcPlateTypeEnum;IfcPlateType
cover_plate;IfcPlateTypeEnum;IfcPlateType
splice_plate;IfcPlateTypeEnum;IfcPlateType
base_plate;IfcPlateTypeEnum;IfcPlateType
blister;IfcProjectionElementTypeEnum;IfcProjectionElement
deviator;IfcProjectionElementTypeEnum;IfcProjectionElement
circuitbreaker;IfcProtectiveDeviceTypeEnum;IfcProtectiveDevice
earthleakagecircuitbreaker;IfcProtectiveDeviceTypeEnum;IfcProtectiveDevice
earthingswitch;IfcProtectiveDeviceTypeEnum;IfcProtectiveDevice
fusedisconnector;IfcProtectiveDeviceTypeEnum;IfcProtectiveDevice
residualcurrentcircuitbreaker;IfcProtectiveDeviceTypeEnum;IfcProtectiveDevice
residualcurrentswitch;IfcProtectiveDeviceTypeEnum;IfcProtectiveDevice
varistor;IfcProtectiveDeviceTypeEnum;IfcProtectiveDevice
electronic;IfcProtectiveDeviceTrippingUnitTypeEnum;IfcProtectiveDeviceTrippingUnit
electromagnetic;IfcProtectiveDeviceTrippingUnitTypeEnum;IfcProtectiveDeviceTrippingUnit
residualcurrent;IfcProtectiveDeviceTrippingUnitTypeEnum;IfcProtectiveDeviceTrippingUnit
thermal;IfcProtectiveDeviceTrippingUnitTypeEnum;IfcProtectiveDeviceTrippingUnit
electronic;IfcProtectiveDeviceTrippingUnitTypeEnum;IfcProtectiveDeviceTrippingUnitType
electromagnetic;IfcProtectiveDeviceTrippingUnitTypeEnum;IfcProtectiveDeviceTrippingUnitType
residualcurrent;IfcProtectiveDeviceTrippingUnitTypeEnum;IfcProtectiveDeviceTrippingUnitType
thermal;IfcProtectiveDeviceTrippingUnitTypeEnum;IfcProtectiveDeviceTrippingUnitType
circuitbreaker;IfcProtectiveDeviceTypeEnum;IfcProtectiveDeviceType
earthleakagecircuitbreaker;IfcProtectiveDeviceTypeEnum;IfcProtectiveDeviceType
earthingswitch;IfcProtectiveDeviceTypeEnum;IfcProtectiveDeviceType
fusedisconnector;IfcProtectiveDeviceTypeEnum;IfcProtectiveDeviceType
residualcurrentcircuitbreaker;IfcProtectiveDeviceTypeEnum;IfcProtectiveDeviceType
residualcurrentswitch;IfcProtectiveDeviceTypeEnum;IfcProtectiveDeviceType
varistor;IfcProtectiveDeviceTypeEnum;IfcProtectiveDeviceType
circulator;IfcPumpTypeEnum;IfcPump
endsuction;IfcPumpTypeEnum;IfcPump
splitcase;IfcPumpTypeEnum;IfcPump
submersiblepump;IfcPumpTypeEnum;IfcPump
sumppump;IfcPumpTypeEnum;IfcPump
verticalinline;IfcPumpTypeEnum;IfcPump
verticalturbine;IfcPumpTypeEnum;IfcPump
circulator;IfcPumpTypeEnum;IfcPumpType
endsuction;IfcPumpTypeEnum;IfcPumpType
splitcase;IfcPumpTypeEnum;IfcPumpType
submersiblepump;IfcPumpTypeEnum;IfcPumpType
sumppump;IfcPumpTypeEnum;IfcPumpType
verticalinline;IfcPumpTypeEnum;IfcPumpType
verticalturbine;IfcPumpTypeEnum;IfcPumpType
handrail;IfcRailingTypeEnum;IfcRailing
guardrail;IfcRailingTypeEnum;IfcRailing
balustrade;IfcRailingTypeEnum;IfcRailing
handrail;IfcRailingTypeEnum;IfcRailingType
guardrail;IfcRailingTypeEnum;IfcRailingType
balustrade;IfcRailingTypeEnum;IfcRailingType
straight_run_ramp;IfcRampTypeEnum;IfcRamp
two_straight_run_ramp;IfcRampTypeEnum;IfcRamp
quarter_turn_ramp;IfcRampTypeEnum;IfcRamp
two_quarter_turn_ramp;IfcRampTypeEnum;IfcRamp
half_turn_ramp;IfcRampTypeEnum;IfcRamp
spiral_ramp;IfcRampTypeEnum;IfcRamp
straight;IfcRampFlightTypeEnum;IfcRampFlight
spiral;IfcRampFlightTypeEnum;IfcRampFlight
straight;IfcRampFlightTypeEnum;IfcRampFlightType
spiral;IfcRampFlightTypeEnum;IfcRampFlightType
straight_run_ramp;IfcRampTypeEnum;IfcRampType
two_straight_run_ramp;IfcRampTypeEnum;IfcRampType
quarter_turn_ramp;IfcRampTypeEnum;IfcRampType
two_quarter_turn_ramp;IfcRampTypeEnum;IfcRampType
half_turn_ramp;IfcRampTypeEnum;IfcRampType
spiral_ramp;IfcRampTypeEnum;IfcRampType
anchoring;IfcReinforcingBarTypeEnum;IfcReinforcingBar
edge;IfcReinforcingBarTypeEnum;IfcReinforcingBar
ligature;IfcReinforcingBarTypeEnum;IfcReinforcingBar
main;IfcReinforcingBarTypeEnum;IfcReinforcingBar
punching;IfcReinforcingBarTypeEnum;IfcReinforcingBar
ring;IfcReinforcingBarTypeEnum;IfcReinforcingBar
shear;IfcReinforcingBarTypeEnum;IfcReinforcingBar
stud;IfcReinforcingBarTypeEnum;IfcReinforcingBar
spacebar;IfcReinforcingBarTypeEnum;IfcReinforcingBar
anchoring;IfcReinforcingBarTypeEnum;IfcReinforcingBarType
edge;IfcReinforcingBarTypeEnum;IfcReinforcingBarType
ligature;IfcReinforcingBarTypeEnum;IfcReinforcingBarType
main;IfcReinforcingBarTypeEnum;IfcReinforcingBarType
punching;IfcReinforcingBarTypeEnum;IfcReinforcingBarType
ring;IfcReinforcingBarTypeEnum;IfcReinforcingBarType
shear;IfcReinforcingBarTypeEnum;IfcReinforcingBarType
stud;IfcReinforcingBarTypeEnum;IfcReinforcingBarType
spacebar;IfcReinforcingBarTypeEnum;IfcReinforcingBarType
flat_roof;IfcRoofTypeEnum;IfcRoof
shed_roof;IfcRoofTypeEnum;IfcRoof
gable_roof;IfcRoofTypeEnum;IfcRoof
hip_roof;IfcRoofTypeEnum;IfcRoof
hipped_gable_roof;IfcRoofTypeEnum;IfcRoof
gambrel_roof;IfcRoofTypeEnum;IfcRoof
mansard_roof;IfcRoofTypeEnum;IfcRoof
barrel_roof;IfcRoofTypeEnum;IfcRoof
rainbow_roof;IfcRoofTypeEnum;IfcRoof
butterfly_roof;IfcRoofTypeEnum;IfcRoof
pavilion_roof;IfcRoofTypeEnum;IfcRoof
dome_roof;IfcRoofTypeEnum;IfcRoof
freeform;IfcRoofTypeEnum;IfcRoof
flat_roof;IfcRoofTypeEnum;IfcRoofType
shed_roof;IfcRoofTypeEnum;IfcRoofType
gable_roof;IfcRoofTypeEnum;IfcRoofType
hip_roof;IfcRoofTypeEnum;IfcRoofType
hipped_gable_roof;IfcRoofTypeEnum;IfcRoofType
gambrel_roof;IfcRoofTypeEnum;IfcRoofType
mansard_roof;IfcRoofTypeEnum;IfcRoofType
barrel_roof;IfcRoofTypeEnum;IfcRoofType
rainbow_roof;IfcRoofTypeEnum;IfcRoofType
butterfly_roof;IfcRoofTypeEnum;IfcRoofType
pavilion_roof;IfcRoofTypeEnum;IfcRoofType
dome_roof;IfcRoofTypeEnum;IfcRoofType
freeform;IfcRoofTypeEnum;IfcRoofType
bath;IfcSanitaryTerminalTypeEnum;IfcSanitaryTerminal
bidet;IfcSanitaryTerminalTypeEnum;IfcSanitaryTerminal
cistern;IfcSanitaryTerminalTypeEnum;IfcSanitaryTerminal
shower;IfcSanitaryTerminalTypeEnum;IfcSanitaryTerminal
sink;IfcSanitaryTerminalTypeEnum;IfcSanitaryTerminal
sanitaryfountain;IfcSanitaryTerminalTypeEnum;IfcSanitaryTerminal
toiletpan;IfcSanitaryTerminalTypeEnum;IfcSanitaryTerminal
urinal;IfcSanitaryTerminalTypeEnum;IfcSanitaryTerminal
washhandbasin;IfcSanitaryTerminalTypeEnum;IfcSanitaryTerminal
wcseat;IfcSanitaryTerminalTypeEnum;IfcSanitaryTerminal
bath;IfcSanitaryTerminalTypeEnum;IfcSanitaryTerminalType
bidet;IfcSanitaryTerminalTypeEnum;IfcSanitaryTerminalType
cistern;IfcSanitaryTerminalTypeEnum;IfcSanitaryTerminalType
shower;IfcSanitaryTerminalTypeEnum;IfcSanitaryTerminalType
sink;IfcSanitaryTerminalTypeEnum;IfcSanitaryTerminalType
sanitaryfountain;IfcSanitaryTerminalTypeEnum;IfcSanitaryTerminalType
toiletpan;IfcSanitaryTerminalTypeEnum;IfcSanitaryTerminalType
urinal;IfcSanitaryTerminalTypeEnum;IfcSanitaryTerminalType
washhandbasin;IfcSanitaryTerminalTypeEnum;IfcSanitaryTerminalType
wcseat;IfcSanitaryTerminalTypeEnum;IfcSanitaryTerminalType
cosensor;IfcSensorTypeEnum;IfcSensor
co2sensor;IfcSensorTypeEnum;IfcSensor
conductancesensor;IfcSensorTypeEnum;IfcSensor
contactsensor;IfcSensorTypeEnum;IfcSensor
firesensor;IfcSensorTypeEnum;IfcSensor
flowsensor;IfcSensorTypeEnum;IfcSensor
frostsensor;IfcSensorTypeEnum;IfcSensor
gassensor;IfcSensorTypeEnum;IfcSensor
heatsensor;IfcSensorTypeEnum;IfcSensor
humiditysensor;IfcSensorTypeEnum;IfcSensor
identifiersensor;IfcSensorTypeEnum;IfcSensor
ionconcentrationsensor;IfcSensorTypeEnum;IfcSensor
levelsensor;IfcSensorTypeEnum;IfcSensor
lightsensor;IfcSensorTypeEnum;IfcSensor
moisturesensor;IfcSensorTypeEnum;IfcSensor
movementsensor;IfcSensorTypeEnum;IfcSensor
phsensor;IfcSensorTypeEnum;IfcSensor
pressuresensor;IfcSensorTypeEnum;IfcSensor
radiationsensor;IfcSensorTypeEnum;IfcSensor
radioactivitysensor;IfcSensorTypeEnum;IfcSensor
smokesensor;IfcSensorTypeEnum;IfcSensor
soundsensor;IfcSensorTypeEnum;IfcSensor
temperaturesensor;IfcSensorTypeEnum;IfcSensor
windsensor;IfcSensorTypeEnum;IfcSensor
cosensor;IfcSensorTypeEnum;IfcSensorType
co2sensor;IfcSensorTypeEnum;IfcSensorType
conductancesensor;IfcSensorTypeEnum;IfcSensorType
contactsensor;IfcSensorTypeEnum;IfcSensorType
firesensor;IfcSensorTypeEnum;IfcSensorType
flowsensor;IfcSensorTypeEnum;IfcSensorType
frostsensor;IfcSensorTypeEnum;IfcSensorType
gassensor;IfcSensorTypeEnum;IfcSensorType
heatsensor;IfcSensorTypeEnum;IfcSensorType
humiditysensor;IfcSensorTypeEnum;IfcSensorType
identifiersensor;IfcSensorTypeEnum;IfcSensorType
ionconcentrationsensor;IfcSensorTypeEnum;IfcSensorType
levelsensor;IfcSensorTypeEnum;IfcSensorType
lightsensor;IfcSensorTypeEnum;IfcSensorType
moisturesensor;IfcSensorTypeEnum;IfcSensorType
movementsensor;IfcSensorTypeEnum;IfcSensorType
phsensor;IfcSensorTypeEnum;IfcSensorType
pressuresensor;IfcSensorTypeEnum;IfcSensorType
radiationsensor;IfcSensorTypeEnum;IfcSensorType
radioactivitysensor;IfcSensorTypeEnum;IfcSensorType
smokesensor;IfcSensorTypeEnum;IfcSensorType
soundsensor;IfcSensorTypeEnum;IfcSensorType
temperaturesensor;IfcSensorTypeEnum;IfcSensorType
windsensor;IfcSensorTypeEnum;IfcSensorType
jalousie;IfcShadingDeviceTypeEnum;IfcShadingDevice
shutter;IfcShadingDeviceTypeEnum;IfcShadingDevice
awning;IfcShadingDeviceTypeEnum;IfcShadingDevice
jalousie;IfcShadingDeviceTypeEnum;IfcShadingDeviceType
shutter;IfcShadingDeviceTypeEnum;IfcShadingDeviceType
awning;IfcShadingDeviceTypeEnum;IfcShadingDeviceType
floor;IfcSlabTypeEnum;IfcSlab
roof;IfcSlabTypeEnum;IfcSlab
landing;IfcSlabTypeEnum;IfcSlab
baseslab;IfcSlabTypeEnum;IfcSlab
approach_slab;IfcSlabTypeEnum;IfcSlab
paving;IfcSlabTypeEnum;IfcSlab
wearing;IfcSlabTypeEnum;IfcSlab
sidewalk;IfcSlabTypeEnum;IfcSlab
floor;IfcSlabTypeEnum;IfcSlabType
roof;IfcSlabTypeEnum;IfcSlabType
landing;IfcSlabTypeEnum;IfcSlabType
baseslab;IfcSlabTypeEnum;IfcSlabType
approach_slab;IfcSlabTypeEnum;IfcSlabType
paving;IfcSlabTypeEnum;IfcSlabType
wearing;IfcSlabTypeEnum;IfcSlabType
sidewalk;IfcSlabTypeEnum;IfcSlabType
solarcollector;IfcSolarDeviceTypeEnum;IfcSolarDevice
solarpanel;IfcSolarDeviceTypeEnum;IfcSolarDevice
solarcollector;IfcSolarDeviceTypeEnum;IfcSolarDeviceType
solarpanel;IfcSolarDeviceTypeEnum;IfcSolarDeviceType
convector;IfcSpaceHeaterTypeEnum;IfcSpaceHeater
radiator;IfcSpaceHeaterTypeEnum;IfcSpaceHeater
convector;IfcSpaceHeaterTypeEnum;IfcSpaceHeaterType
radiator;IfcSpaceHeaterTypeEnum;IfcSpaceHeaterType
birdcage;IfcStackTerminalTypeEnum;IfcStackTerminal
cowl;IfcStackTerminalTypeEnum;IfcStackTerminal
rainwaterhopper;IfcStackTerminalTypeEnum;IfcStackTerminal
birdcage;IfcStackTerminalTypeEnum;IfcStackTerminalType
cowl;IfcStackTerminalTypeEnum;IfcStackTerminalType
rainwaterhopper;IfcStackTerminalTypeEnum;IfcStackTerminalType
straight_run_stair;IfcStairTypeEnum;IfcStair
two_straight_run_stair;IfcStairTypeEnum;IfcStair
quarter_winding_stair;IfcStairTypeEnum;IfcStair
quarter_turn_stair;IfcStairTypeEnum;IfcStair
half_winding_stair;IfcStairTypeEnum;IfcStair
half_turn_stair;IfcStairTypeEnum;IfcStair
two_quarter_winding_stair;IfcStairTypeEnum;IfcStair
two_quarter_turn_stair;IfcStairTypeEnum;IfcStair
three_quarter_winding_stair;IfcStairTypeEnum;IfcStair
three_quarter_turn_stair;IfcStairTypeEnum;IfcStair
spiral_stair;IfcStairTypeEnum;IfcStair
double_return_stair;IfcStairTypeEnum;IfcStair
curved_run_stair;IfcStairTypeEnum;IfcStair
two_curved_run_stair;IfcStairTypeEnum;IfcStair
straight;IfcStairFlightTypeEnum;IfcStairFlight
winder;IfcStairFlightTypeEnum;IfcStairFlight
spiral;IfcStairFlightTypeEnum;IfcStairFlight
curved;IfcStairFlightTypeEnum;IfcStairFlight
freeform;IfcStairFlightTypeEnum;IfcStairFlight
straight;IfcStairFlightTypeEnum;IfcStairFlightType
winder;IfcStairFlightTypeEnum;IfcStairFlightType
spiral;IfcStairFlightTypeEnum;IfcStairFlightType
curved;IfcStairFlightTypeEnum;IfcStairFlightType
freeform;IfcStairFlightTypeEnum;IfcStairFlightType
straight_run_stair;IfcStairTypeEnum;IfcStairType
two_straight_run_stair;IfcStairTypeEnum;IfcStairType
quarter_winding_stair;IfcStairTypeEnum;IfcStairType
quarter_turn_stair;IfcStairTypeEnum;IfcStairType
half_winding_stair;IfcStairTypeEnum;IfcStairType
half_turn_stair;IfcStairTypeEnum;IfcStairType
two_quarter_winding_stair;IfcStairTypeEnum;IfcStairType
two_quarter_turn_stair;IfcStairTypeEnum;IfcStairType
three_quarter_winding_stair;IfcStairTypeEnum;IfcStairType
three_quarter_turn_stair;IfcStairTypeEnum;IfcStairType
spiral_stair;IfcStairTypeEnum;IfcStairType
double_return_stair;IfcStairTypeEnum;IfcStairType
curved_run_stair;IfcStairTypeEnum;IfcStairType
two_curved_run_stair;IfcStairTypeEnum;IfcStairType
mark;IfcSurfaceFeatureTypeEnum;IfcSurfaceFeature
tag;IfcSurfaceFeatureTypeEnum;IfcSurfaceFeature
treatment;IfcSurfaceFeatureTypeEnum;IfcSurfaceFeature
defect;IfcSurfaceFeatureTypeEnum;IfcSurfaceFeature
contactor;IfcSwitchingDeviceTypeEnum;IfcSwitchingDevice
dimmerswitch;IfcSwitchingDeviceTypeEnum;IfcSwitchingDevice
emergencystop;IfcSwitchingDeviceTypeEnum;IfcSwitchingDevice
keypad;IfcSwitchingDeviceTypeEnum;IfcSwitchingDevice
momentaryswitch;IfcSwitchingDeviceTypeEnum;IfcSwitchingDevice
selectorswitch;IfcSwitchingDeviceTypeEnum;IfcSwitchingDevice
starter;IfcSwitchingDeviceTypeEnum;IfcSwitchingDevice
switchdisconnector;IfcSwitchingDeviceTypeEnum;IfcSwitchingDevice
toggleswitch;IfcSwitchingDeviceTypeEnum;IfcSwitchingDevice
contactor;IfcSwitchingDeviceTypeEnum;IfcSwitchingDeviceType
dimmerswitch;IfcSwitchingDeviceTypeEnum;IfcSwitchingDeviceType
emergencystop;IfcSwitchingDeviceTypeEnum;IfcSwitchingDeviceType
keypad;IfcSwitchingDeviceTypeEnum;IfcSwitchingDeviceType
momentaryswitch;IfcSwitchingDeviceTypeEnum;IfcSwitchingDeviceType
selectorswitch;IfcSwitchingDeviceTypeEnum;IfcSwitchingDeviceType
starter;IfcSwitchingDeviceTypeEnum;IfcSwitchingDeviceType
switchdisconnector;IfcSwitchingDeviceTypeEnum;IfcSwitchingDeviceType
toggleswitch;IfcSwitchingDeviceTypeEnum;IfcSwitchingDeviceType
panel;IfcSystemFurnitureElementTypeEnum;IfcSystemFurnitureElement
worksurface;IfcSystemFurnitureElementTypeEnum;IfcSystemFurnitureElement
panel;IfcSystemFurnitureElementTypeEnum;IfcSystemFurnitureElementType
worksurface;IfcSystemFurnitureElementTypeEnum;IfcSystemFurnitureElementType
basin;IfcTankTypeEnum;IfcTank
breakpressure;IfcTankTypeEnum;IfcTank
expansion;IfcTankTypeEnum;IfcTank
feedandexpansion;IfcTankTypeEnum;IfcTank
pressurevessel;IfcTankTypeEnum;IfcTank
storage;IfcTankTypeEnum;IfcTank
vessel;IfcTankTypeEnum;IfcTank
basin;IfcTankTypeEnum;IfcTankType
breakpressure;IfcTankTypeEnum;IfcTankType
expansion;IfcTankTypeEnum;IfcTankType
feedandexpansion;IfcTankTypeEnum;IfcTankType
pressurevessel;IfcTankTypeEnum;IfcTankType
storage;IfcTankTypeEnum;IfcTankType
vessel;IfcTankTypeEnum;IfcTankType
bar;IfcTendonTypeEnum;IfcTendon
coated;IfcTendonTypeEnum;IfcTendon
strand;IfcTendonTypeEnum;IfcTendon
wire;IfcTendonTypeEnum;IfcTendon
coupler;IfcTendonAnchorTypeEnum;IfcTendonAnchor
fixed_end;IfcTendonAnchorTypeEnum;IfcTendonAnchor
tensioning_end;IfcTendonAnchorTypeEnum;IfcTendonAnchor
coupler;IfcTendonAnchorTypeEnum;IfcTendonAnchorType
fixed_end;IfcTendonAnchorTypeEnum;IfcTendonAnchorType
tensioning_end;IfcTendonAnchorTypeEnum;IfcTendonAnchorType
duct;IfcTendonConduitTypeEnum;IfcTendonConduit
coupler;IfcTendonConduitTypeEnum;IfcTendonConduit
grouting_duct;IfcTendonConduitTypeEnum;IfcTendonConduit
trumpet;IfcTendonConduitTypeEnum;IfcTendonConduit
diabolo;IfcTendonConduitTypeEnum;IfcTendonConduit
duct;IfcTendonConduitTypeEnum;IfcTendonConduitType
coupler;IfcTendonConduitTypeEnum;IfcTendonConduitType
grouting_duct;IfcTendonConduitTypeEnum;IfcTendonConduitType
trumpet;IfcTendonConduitTypeEnum;IfcTendonConduitType
diabolo;IfcTendonConduitTypeEnum;IfcTendonConduitType
bar;IfcTendonTypeEnum;IfcTendonType
coated;IfcTendonTypeEnum;IfcTendonType
strand;IfcTendonTypeEnum;IfcTendonType
wire;IfcTendonTypeEnum;IfcTendonType
current;IfcTransformerTypeEnum;IfcTransformer
frequency;IfcTransformerTypeEnum;IfcTransformer
inverter;IfcTransformerTypeEnum;IfcTransformer
rectifier;IfcTransformerTypeEnum;IfcTransformer
voltage;IfcTransformerTypeEnum;IfcTransformer
current;IfcTransformerTypeEnum;IfcTransformerType
frequency;IfcTransformerTypeEnum;IfcTransformerType
inverter;IfcTransformerTypeEnum;IfcTransformerType
rectifier;IfcTransformerTypeEnum;IfcTransformerType
voltage;IfcTransformerTypeEnum;IfcTransformerType
elevator;IfcTransportElementTypeEnum;IfcTransportElement
escalator;IfcTransportElementTypeEnum;IfcTransportElement
movingwalkway;IfcTransportElementTypeEnum;IfcTransportElement
craneway;IfcTransportElementTypeEnum;IfcTransportElement
liftinggear;IfcTransportElementTypeEnum;IfcTransportElement
elevator;IfcTransportElementTypeEnum;IfcTransportElementType
escalator;IfcTransportElementTypeEnum;IfcTransportElementType
movingwalkway;IfcTransportElementTypeEnum;IfcTransportElementType
craneway;IfcTransportElementTypeEnum;IfcTransportElementType
liftinggear;IfcTransportElementTypeEnum;IfcTransportElementType
finned;IfcTubeBundleTypeEnum;IfcTubeBundle
finned;IfcTubeBundleTypeEnum;IfcTubeBundleType
alarmpanel;IfcUnitaryControlElementTypeEnum;IfcUnitaryControlElement
controlpanel;IfcUnitaryControlElementTypeEnum;IfcUnitaryControlElement
gasdetectionpanel;IfcUnitaryControlElementTypeEnum;IfcUnitaryControlElement
indicatorpanel;IfcUnitaryControlElementTypeEnum;IfcUnitaryControlElement
mimicpanel;IfcUnitaryControlElementTypeEnum;IfcUnitaryControlElement
humidistat;IfcUnitaryControlElementTypeEnum;IfcUnitaryControlElement
thermostat;IfcUnitaryControlElementTypeEnum;IfcUnitaryControlElement
weatherstation;IfcUnitaryControlElementTypeEnum;IfcUnitaryControlElement
alarmpanel;IfcUnitaryControlElementTypeEnum;IfcUnitaryControlElementType
controlpanel;IfcUnitaryControlElementTypeEnum;IfcUnitaryControlElementType
gasdetectionpanel;IfcUnitaryControlElementTypeEnum;IfcUnitaryControlElementType
indicatorpanel;IfcUnitaryControlElementTypeEnum;IfcUnitaryControlElementType
mimicpanel;IfcUnitaryControlElementTypeEnum;IfcUnitaryControlElementType
humidistat;IfcUnitaryControlElementTypeEnum;IfcUnitaryControlElementType
thermostat;IfcUnitaryControlElementTypeEnum;IfcUnitaryControlElementType
weatherstation;IfcUnitaryControlElementTypeEnum;IfcUnitaryControlElementType
airhandler;IfcUnitaryEquipmentTypeEnum;IfcUnitaryEquipment
airconditioningunit;IfcUnitaryEquipmentTypeEnum;IfcUnitaryEquipment
dehumidifier;IfcUnitaryEquipmentTypeEnum;IfcUnitaryEquipment
splitsystem;IfcUnitaryEquipmentTypeEnum;IfcUnitaryEquipment
rooftopunit;IfcUnitaryEquipmentTypeEnum;IfcUnitaryEquipment
airhandler;IfcUnitaryEquipmentTypeEnum;IfcUnitaryEquipmentType
airconditioningunit;IfcUnitaryEquipmentTypeEnum;IfcUnitaryEquipmentType
dehumidifier;IfcUnitaryEquipmentTypeEnum;IfcUnitaryEquipmentType
splitsystem;IfcUnitaryEquipmentTypeEnum;IfcUnitaryEquipmentType
rooftopunit;IfcUnitaryEquipmentTypeEnum;IfcUnitaryEquipmentType
airrelease;IfcValveTypeEnum;IfcValve
antivacuum;IfcValveTypeEnum;IfcValve
changeover;IfcValveTypeEnum;IfcValve
check;IfcValveTypeEnum;IfcValve
commissioning;IfcValveTypeEnum;IfcValve
diverting;IfcValveTypeEnum;IfcValve
drawoffcock;IfcValveTypeEnum;IfcValve
doublecheck;IfcValveTypeEnum;IfcValve
doubleregulating;IfcValveTypeEnum;IfcValve
faucet;IfcValveTypeEnum;IfcValve
flushing;IfcValveTypeEnum;IfcValve
gascock;IfcValveTypeEnum;IfcValve
gastap;IfcValveTypeEnum;IfcValve
isolating;IfcValveTypeEnum;IfcValve
mixing;IfcValveTypeEnum;IfcValve
pressurereducing;IfcValveTypeEnum;IfcValve
pressurerelief;IfcValveTypeEnum;IfcValve
regulating;IfcValveTypeEnum;IfcValve
safetycutoff;IfcValveTypeEnum;IfcValve
steamtrap;IfcValveTypeEnum;IfcValve
stopcock;IfcValveTypeEnum;IfcValve
airrelease;IfcValveTypeEnum;IfcValveType
antivacuum;IfcValveTypeEnum;IfcValveType
changeover;IfcValveTypeEnum;IfcValveType
check;IfcValveTypeEnum;IfcValveType
commissioning;IfcValveTypeEnum;IfcValveType
diverting;IfcValveTypeEnum;IfcValveType
drawoffcock;IfcValveTypeEnum;IfcValveType
doublecheck;IfcValveTypeEnum;IfcValveType
doubleregulating;IfcValveTypeEnum;IfcValveType
faucet;IfcValveTypeEnum;IfcValveType
flushing;IfcValveTypeEnum;IfcValveType
gascock;IfcValveTypeEnum;IfcValveType
gastap;IfcValveTypeEnum;IfcValveType
isolating;IfcValveTypeEnum;IfcValveType
mixing;IfcValveTypeEnum;IfcValveType
pressurereducing;IfcValveTypeEnum;IfcValveType
pressurerelief;IfcValveTypeEnum;IfcValveType
regulating;IfcValveTypeEnum;IfcValveType
safetycutoff;IfcValveTypeEnum;IfcValveType
steamtrap;IfcValveTypeEnum;IfcValveType
stopcock;IfcValveTypeEnum;IfcValveType
bending_yield;IfcVibrationDamperTypeEnum;IfcVibrationDamper
shear_yield;IfcVibrationDamperTypeEnum;IfcVibrationDamper
axial_yield;IfcVibrationDamperTypeEnum;IfcVibrationDamper
friction;IfcVibrationDamperTypeEnum;IfcVibrationDamper
viscous;IfcVibrationDamperTypeEnum;IfcVibrationDamper
rubber;IfcVibrationDamperTypeEnum;IfcVibrationDamper
bending_yield;IfcVibrationDamperTypeEnum;IfcVibrationDamperType
shear_yield;IfcVibrationDamperTypeEnum;IfcVibrationDamperType
axial_yield;IfcVibrationDamperTypeEnum;IfcVibrationDamperType
friction;IfcVibrationDamperTypeEnum;IfcVibrationDamperType
viscous;IfcVibrationDamperTypeEnum;IfcVibrationDamperType
rubber;IfcVibrationDamperTypeEnum;IfcVibrationDamperType
compression;IfcVibrationIsolatorTypeEnum;IfcVibrationIsolator
spring;IfcVibrationIsolatorTypeEnum;IfcVibrationIsolator
base;IfcVibrationIsolatorTypeEnum;IfcVibrationIsolator
compression;IfcVibrationIsolatorTypeEnum;IfcVibrationIsolatorType
spring;IfcVibrationIsolatorTypeEnum;IfcVibrationIsolatorType
base;IfcVibrationIsolatorTypeEnum;IfcVibrationIsolatorType
cutout;IfcVoidingFeatureTypeEnum;IfcVoidingFeature
notch;IfcVoidingFeatureTypeEnum;IfcVoidingFeature
hole;IfcVoidingFeatureTypeEnum;IfcVoidingFeature
miter;IfcVoidingFeatureTypeEnum;IfcVoidingFeature
chamfer;IfcVoidingFeatureTypeEnum;IfcVoidingFeature
edge;IfcVoidingFeatureTypeEnum;IfcVoidingFeature
movable;IfcWallTypeEnum;IfcWall
parapet;IfcWallTypeEnum;IfcWall
partitioning;IfcWallTypeEnum;IfcWall
plumbingwall;IfcWallTypeEnum;IfcWall
shear;IfcWallTypeEnum;IfcWall
solidwall;IfcWallTypeEnum;IfcWall
standard;IfcWallTypeEnum;IfcWall
polygonal;IfcWallTypeEnum;IfcWall
elementedwall;IfcWallTypeEnum;IfcWall
retainingwall;IfcWallTypeEnum;IfcWall
movable;IfcWallTypeEnum;IfcWallType
parapet;IfcWallTypeEnum;IfcWallType
partitioning;IfcWallTypeEnum;IfcWallType
plumbingwall;IfcWallTypeEnum;IfcWallType
shear;IfcWallTypeEnum;IfcWallType
solidwall;IfcWallTypeEnum;IfcWallType
standard;IfcWallTypeEnum;IfcWallType
polygonal;IfcWallTypeEnum;IfcWallType
elementedwall;IfcWallTypeEnum;IfcWallType
retainingwall;IfcWallTypeEnum;IfcWallType
floortrap;IfcWasteTerminalTypeEnum;IfcWasteTerminal
floorwaste;IfcWasteTerminalTypeEnum;IfcWasteTerminal
gullysump;IfcWasteTerminalTypeEnum;IfcWasteTerminal
gullytrap;IfcWasteTerminalTypeEnum;IfcWasteTerminal
roofdrain;IfcWasteTerminalTypeEnum;IfcWasteTerminal
wastedisposalunit;IfcWasteTerminalTypeEnum;IfcWasteTerminal
wastetrap;IfcWasteTerminalTypeEnum;IfcWasteTerminal
floortrap;IfcWasteTerminalTypeEnum;IfcWasteTerminalType
floorwaste;IfcWasteTerminalTypeEnum;IfcWasteTerminalType
gullysump;IfcWasteTerminalTypeEnum;IfcWasteTerminalType
gullytrap;IfcWasteTerminalTypeEnum;IfcWasteTerminalType
roofdrain;IfcWasteTerminalTypeEnum;IfcWasteTerminalType
wastedisposalunit;IfcWasteTerminalTypeEnum;IfcWasteTerminalType
wastetrap;IfcWasteTerminalTypeEnum;IfcWasteTerminalType
window;IfcWindowTypeEnum;IfcWindow
skylight;IfcWindowTypeEnum;IfcWindow
lightdome;IfcWindowTypeEnum;IfcWindow
window;IfcWindowTypeEnum;IfcWindowType
skylight;IfcWindowTypeEnum;IfcWindowType
lightdome;IfcWindowTypeEnum;IfcWindowType
